title,company,location,link
Cyber Security Engineer,goeasy,"Mississauga, ON",https://ca.indeed.com/viewjob?jk=5bc27bfc059ba79a
New Grad Software Engineer (Start date: April-Sept 2021),Clearbanc,"Toronto, ON",https://ca.indeed.com/viewjob?jk=95a32502db49db37
Software Development Engineer I,MasterCard,"Vancouver, BC",https://ca.indeed.com/viewjob?jk=964c9ff6f2847765
Software Engineer in Test (New Grads),NETINT Technologies Inc.,"Burnaby, BC",https://ca.indeed.com/viewjob?jk=3073d36f1e9fb173
SAP iXp Intern - Concur Travel Software Engineer,SAP,"Vancouver, BC",https://ca.indeed.com/viewjob?jk=1f1e9f440a09c304
Software Engineer (New grads are encouraged to apply),Finastra,"Mississauga, ON",https://ca.indeed.com/viewjob?jk=43caccca459f4d07
"New Grad - Software Engineer, Campaigns",Wish,"Toronto, ON",https://ca.indeed.com/viewjob?jk=193e3150907f7392
New Grad - Full Stack Software Engineer,Wish,"Toronto, ON",https://ca.indeed.com/viewjob?jk=68bd226bfb7fa05e
Fullstack Developer (New Graduate),Energy Profiles Limited,"Toronto, ON",https://ca.indeed.com/viewjob?jk=2963b5b5f2e730ab
Software Engineer,Dropbox,Ontario,https://ca.indeed.com/viewjob?jk=d3fb2c9bf04e8e70
"New Grad - Software Engineer, Web and Mobile",Wish,"Toronto, ON",https://ca.indeed.com/viewjob?jk=e7c412c8d76d0932
Construction Engineer,GeoSolv Design Build Inc.,"Vaughan, ON",https://ca.indeed.com/viewjob?jk=059f6c926a9bfc0c
New Grad Software Engineer (Start date: April-Sept 2021),Clearbanc,"Toronto, ON",https://ca.indeed.com/viewjob?jk=95a32502db49db37
Software Development Engineer I,MasterCard,"Vancouver, BC",https://ca.indeed.com/viewjob?jk=964c9ff6f2847765
Software Engineer in Test (New Grads),NETINT Technologies Inc.,"Burnaby, BC",https://ca.indeed.com/viewjob?jk=3073d36f1e9fb173
SAP iXp Intern - Concur Travel Software Engineer,SAP,"Vancouver, BC",https://ca.indeed.com/viewjob?jk=1f1e9f440a09c304
Software Engineer (New grads are encouraged to apply),Finastra,"Mississauga, ON",https://ca.indeed.com/viewjob?jk=43caccca459f4d07
"New Grad - Software Engineer, Campaigns",Wish,"Toronto, ON",https://ca.indeed.com/viewjob?jk=193e3150907f7392
New Grad - Full Stack Software Engineer,Wish,"Toronto, ON",https://ca.indeed.com/viewjob?jk=68bd226bfb7fa05e
Fullstack Developer (New Graduate),Energy Profiles Limited,"Toronto, ON",https://ca.indeed.com/viewjob?jk=2963b5b5f2e730ab
Software Engineer,Dropbox,Ontario,https://ca.indeed.com/viewjob?jk=d3fb2c9bf04e8e70
"New Grad - Software Engineer, Web and Mobile",Wish,"Toronto, ON",https://ca.indeed.com/viewjob?jk=e7c412c8d76d0932
Software Engineer - University Graduate,PayPal,"Toronto, ON",https://ca.indeed.com/viewjob?jk=889b92f896676851
New Grad: Photonics Systems Engineer,Ciena,"Ottawa, ON",https://ca.indeed.com/viewjob?jk=f06324091c6d6355
"Apple Media Products Engineering - Sr Software Engineer / Software Engineer (Commerce, Java, web services, SQL / NoSQL),",Apple,"Vancouver, BC",https://ca.indeed.com/viewjob?jk=c92b4409ecd3c898
Toronto - Graduate Program,FDM Group,"Toronto, ON",https://ca.indeed.com/viewjob?jk=3ce199a8441b8b27
New Grad: Photonics Software Engineer,Ciena,"Ottawa, ON",https://ca.indeed.com/viewjob?jk=c8a33a8b8ddd97a2
Software Engineer (Full Time) - Canada,Cisco Systems,"Ottawa, ON",https://ca.indeed.com/viewjob?jk=e8b2016901d36fe7
Emerging Technology Software Engineer (New Grad - UI) - YVR,Zscaler,"Burnaby, BC",https://ca.indeed.com/viewjob?jk=1791eabf9f81abe5
New Grad Jobs 2020 (Ottawa Office),Fortinet,"Ottawa, ON",https://ca.indeed.com/viewjob?jk=a1b6b2a491a02723
Associate Software Engineer,Veeva Systems,"Toronto, ON",https://ca.indeed.com/viewjob?jk=2a35bf6cc53511af
Montreal - Graduate Program,FDM Group,"Montréal, QC",https://ca.indeed.com/viewjob?jk=e79bff3ed48e92c5
Junior Software Developer,Gastops Ltd,"Ottawa, ON",https://ca.indeed.com/viewjob?jk=a9121ac8d62ce393
"SAP iXp Intern - Software Developer Cloud Platform Services, Applications & Products",SAP,"Vancouver, BC",https://ca.indeed.com/viewjob?jk=7c287e70f65b445a
Software Engineer,Cisco Systems,"Kanata, ON",https://ca.indeed.com/viewjob?jk=7216dd670c6101fb
New Grad: Product Verification Engineer,Ciena,"Ottawa, ON",https://ca.indeed.com/viewjob?jk=744ee031fb2f1fa7
Mechanical engineering graduate/mechanical EIT,Mott MacDonald,"Toronto, ON",https://ca.indeed.com/viewjob?jk=6035652679c1d90e
Software Engineer,Tenstorrent,"Toronto, ON",https://ca.indeed.com/viewjob?jk=9749963a6bf32b9c
Process Engineer,791684871RP0001,"Cambridge, ON",https://ca.indeed.com/viewjob?jk=ad0b1652959e6145
New Grad: Embedded Software Engineer,Ciena,"Ottawa, ON",https://ca.indeed.com/viewjob?jk=c2b5917a6a4a8fd4
Quality Assurance Specialist (Tester),SimplyCast,"Dartmouth, NS",https://ca.indeed.com/viewjob?jk=407c0e542d9425cc
Engineer-in-Training Mechanical – Pickering Office,RCM Technologies Canada Corp.,"Pickering, ON",https://ca.indeed.com/viewjob?jk=a28526662af37986
Graduate Electrical Engineer,"Ultra Maritime, Maritime Systems","Halifax, NS",https://ca.indeed.com/viewjob?jk=d83bce597695493d
"EIT, Civil",SNC-Lavalin,"Kingston, ON",https://ca.indeed.com/viewjob?jk=a000f902be99fd19
Software Engineer – Computer Vision / Machine Learning,Full Swing,"Toronto, ON",https://ca.indeed.com/viewjob?jk=7e216fc0cb67f117
Support Associate,SAP,"Montréal, QC",https://ca.indeed.com/viewjob?jk=6ceb701b02d5e32e
Software Engineer,Lumentum Operations LLC,"Ottawa, ON",https://ca.indeed.com/viewjob?jk=97daaa3c6fb82fc7
Embedded Software Engineer - New Grad,Ciena,"Ottawa, ON",https://ca.indeed.com/viewjob?jk=7965aa5d6f4c8096
Machine Learning Engineer,SkyHive,"Vancouver, BC",https://ca.indeed.com/viewjob?jk=e8c87eac5406bef3
Software Engineer - Front End,UrbanLogiq,"Vancouver, BC",https://ca.indeed.com/viewjob?jk=4aa129fb249b7f6f
Mechanical Engineer in Training,RCM Technologies Canada Corp.,"Kincardine, ON",https://ca.indeed.com/viewjob?jk=fba1472ae6c1d853
IT/DevOps Engineer,Horizon Studios Inc.,"Toronto, ON",https://ca.indeed.com/viewjob?jk=b01564e9ca9421d0
Quality Assurance Engineer,Trulioo,"Vancouver, BC",https://ca.indeed.com/viewjob?jk=3fddff973a0040f6
Software Development Engineer 2 - 80106,"Advanced Micro Devices, Inc.","Markham, ON",https://ca.indeed.com/viewjob?jk=6ff7bf9028a47e2f
Department of Computing and Software: Tenure-Track Faculty Positions,McMaster University,"Hamilton, ON",https://ca.indeed.com/viewjob?jk=c38bbc2fbe1b1b77
Graphics Driver Software Engineer,"Advanced Micro Devices, Inc.","Markham, ON",https://ca.indeed.com/viewjob?jk=3a339a9a4728b407
Toronto - Junior DevOps Engineer,FDM Group,"Toronto, ON",https://ca.indeed.com/viewjob?jk=927baad7de367ad6
Project Manager,Note Taking Express,"Toronto, ON",https://ca.indeed.com/viewjob?jk=045683a3cf007bf4
Canada 2021- Graduate Technical Consultant,FDM Group,Canada,https://ca.indeed.com/viewjob?jk=887c509349802a4b
"Data Scientist Intern, Machine Learning (Fall 2020) - Toronto",Coursera,"Toronto, ON",https://ca.indeed.com/viewjob?jk=a1341b70da8c1a62
Software Development Engineer,"AMZN CAN Fulfillment Svcs, ULC","Vancouver, BC",https://ca.indeed.com/viewjob?jk=990e79d7a7259b62
Construction Engineer,GeoSolv Design Build Inc.,"Vaughan, ON",https://ca.indeed.com/viewjob?jk=059f6c926a9bfc0c
Software Developer,Benevity,"Victoria, BC",https://ca.indeed.com/viewjob?jk=056a6d743d11b84c
Cyber Security Engineer,goeasy,"Mississauga, ON",https://ca.indeed.com/viewjob?jk=5bc27bfc059ba79a
Software Development Engineer I,MasterCard,"Vancouver, BC",https://ca.indeed.com/viewjob?jk=964c9ff6f2847765
SAP iXp Intern - Concur Travel Software Engineer,SAP,"Vancouver, BC",https://ca.indeed.com/viewjob?jk=1f1e9f440a09c304
New Grad Software Engineer (Start date: April-Sept 2021),Clearbanc,"Toronto, ON",https://ca.indeed.com/viewjob?jk=95a32502db49db37
Software Engineer in Test (New Grads),NETINT Technologies Inc.,"Burnaby, BC",https://ca.indeed.com/viewjob?jk=3073d36f1e9fb173
Software Engineer,Dropbox,Ontario,https://ca.indeed.com/viewjob?jk=d3fb2c9bf04e8e70
New Grad - Full Stack Software Engineer,Wish,"Toronto, ON",https://ca.indeed.com/viewjob?jk=68bd226bfb7fa05e
Software Engineer (New grads are encouraged to apply),Finastra,"Mississauga, ON",https://ca.indeed.com/viewjob?jk=43caccca459f4d07
"New Grad - Software Engineer, Campaigns",Wish,"Toronto, ON",https://ca.indeed.com/viewjob?jk=193e3150907f7392
New Grad: Photonics Software Engineer,Ciena,"Ottawa, ON",https://ca.indeed.com/viewjob?jk=c8a33a8b8ddd97a2
"Apple Media Products Engineering - Sr Software Engineer / Software Engineer (Commerce, Java, web services, SQL / NoSQL),",Apple,"Vancouver, BC",https://ca.indeed.com/viewjob?jk=c92b4409ecd3c898
Associate Software Engineer,Veeva Systems,"Toronto, ON",https://ca.indeed.com/viewjob?jk=2a35bf6cc53511af
Fullstack Developer (New Graduate),Energy Profiles Limited,"Toronto, ON",https://ca.indeed.com/viewjob?jk=2963b5b5f2e730ab
New Grad: Product Verification Engineer,Ciena,"Ottawa, ON",https://ca.indeed.com/viewjob?jk=744ee031fb2f1fa7
"New Grad - Software Engineer, Web and Mobile",Wish,"Toronto, ON",https://ca.indeed.com/viewjob?jk=e7c412c8d76d0932
Software Engineer - University Graduate,PayPal,"Toronto, ON",https://ca.indeed.com/viewjob?jk=889b92f896676851
Graphics Driver Software Engineer,"Advanced Micro Devices, Inc.","Markham, ON",https://ca.indeed.com/viewjob?jk=3a339a9a4728b407
Emerging Technology Software Engineer (New Grad - UI) - YVR,Zscaler,"Burnaby, BC",https://ca.indeed.com/viewjob?jk=1791eabf9f81abe5
Software Engineer,Lumentum Operations LLC,"Ottawa, ON",https://ca.indeed.com/viewjob?jk=97daaa3c6fb82fc7
New Grad Jobs 2020 (Ottawa Office),Fortinet,"Ottawa, ON",https://ca.indeed.com/viewjob?jk=a1b6b2a491a02723
Software Engineer (Full Time) - Canada,Cisco Systems,"Ottawa, ON",https://ca.indeed.com/viewjob?jk=e8b2016901d36fe7
Support Associate,SAP,"Montréal, QC",https://ca.indeed.com/viewjob?jk=6ceb701b02d5e32e
Toronto - Graduate Program,FDM Group,"Toronto, ON",https://ca.indeed.com/viewjob?jk=3ce199a8441b8b27
Software Development Engineer,"AMZN CAN Fulfillment Svcs, ULC","Vancouver, BC",https://ca.indeed.com/viewjob?jk=990e79d7a7259b62
Software Development Engineer 2 - 80106,"Advanced Micro Devices, Inc.","Markham, ON",https://ca.indeed.com/viewjob?jk=6ff7bf9028a47e2f
Department of Computing and Software: Tenure-Track Faculty Positions,McMaster University,"Hamilton, ON",https://ca.indeed.com/viewjob?jk=c38bbc2fbe1b1b77
Mechanical engineering graduate/mechanical EIT,Mott MacDonald,Canada,https://ca.indeed.com/viewjob?jk=984bc430b6da8990
Junior Software Developer,Gastops Ltd,"Ottawa, ON",https://ca.indeed.com/viewjob?jk=a9121ac8d62ce393
Montreal - Graduate Program,FDM Group,"Montréal, QC",https://ca.indeed.com/viewjob?jk=e79bff3ed48e92c5
Project Quality Assurance Engineer,Bombardier,"Saint-Bruno-de-Montarville, QC",https://ca.indeed.com/viewjob?jk=398ad45cb8f749b3
Canada 2021- Graduate Technical Consultant,FDM Group,Canada,https://ca.indeed.com/viewjob?jk=887c509349802a4b
Software Engineer,Tenstorrent,"Toronto, ON",https://ca.indeed.com/viewjob?jk=9749963a6bf32b9c
Software Engineer - Front End,UrbanLogiq,"Vancouver, BC",https://ca.indeed.com/viewjob?jk=4aa129fb249b7f6f
New Grad: Photonics Systems Engineer,Ciena,"Ottawa, ON",https://ca.indeed.com/viewjob?jk=f06324091c6d6355
Montreal - Junior DevOps Engineer,FDM Group,"Montréal, QC",https://ca.indeed.com/viewjob?jk=87819ee45cca077b
Software Engineer,Cisco Systems,"Kanata, ON",https://ca.indeed.com/viewjob?jk=7216dd670c6101fb
"SAP iXp Intern - Software Developer Cloud Platform Services, Applications & Products",SAP,"Vancouver, BC",https://ca.indeed.com/viewjob?jk=7c287e70f65b445a
"Account Manager, OEM",Rockwell Automation,"Vancouver, BC",https://ca.indeed.com/viewjob?jk=f32150655f243fba
Software Development Engineer- Canada,None,"Woodbridge, ON",https://ca.indeed.com/viewjob?jk=4a33e14b72f2fba2
IT/DevOps Engineer,Horizon Studios Inc.,"Toronto, ON",https://ca.indeed.com/viewjob?jk=b01564e9ca9421d0
New Grad: Waveserver Software Engineer,Ciena,"Ottawa, ON",https://ca.indeed.com/viewjob?jk=108ca9dcee3115e8
Machine Learning Engineer,SkyHive,"Vancouver, BC",https://ca.indeed.com/viewjob?jk=e8c87eac5406bef3
Customer Solutions Engineer,SkyWatch,"Waterloo, ON",https://ca.indeed.com/viewjob?jk=09b18696c87583cb
Process Engineer,791684871RP0001,"Cambridge, ON",https://ca.indeed.com/viewjob?jk=ad0b1652959e6145
Software Development Engineer,CEDENT,"Saskatoon, SK",https://ca.indeed.com/viewjob?jk=4048a995f5b523e3
Graduate Electrical Engineer,"Ultra Maritime, Maritime Systems","Halifax, NS",https://ca.indeed.com/viewjob?jk=d83bce597695493d
"Application Engineer, Underground Drills (Mining Engineer)",Komatsu,"Fielding, ON",https://ca.indeed.com/viewjob?jk=3d575cf146a8ea46
Software Development Engineer - Datapath Precompute,"AMZN CAN Fulfillment Svcs, ULC","Vancouver, BC",https://ca.indeed.com/viewjob?jk=e1d7db3365eebc90
Software Engineer – Computer Vision / Machine Learning,Full Swing,"Toronto, ON",https://ca.indeed.com/viewjob?jk=7e216fc0cb67f117
Software Engineer - PhD (Full Time) - Canada,Cisco Systems,"Ottawa, ON",https://ca.indeed.com/viewjob?jk=8e4782049d5ee222
Software Developer (Job Req #2020-146),Ross Video,"Ottawa, ON",https://ca.indeed.com/viewjob?jk=726e7294558198ee
Construction Engineer,GeoSolv Design Build Inc.,"Vaughan, ON",https://ca.indeed.com/viewjob?jk=059f6c926a9bfc0c
Software Developer,Benevity,"Victoria, BC",https://ca.indeed.com/viewjob?jk=056a6d743d11b84c
Cyber Security Engineer,goeasy,"Mississauga, ON",https://ca.indeed.com/viewjob?jk=5bc27bfc059ba79a
New Grad Software Engineer (Start date: April-Sept 2021),Clearbanc,"Toronto, ON",https://ca.indeed.com/viewjob?jk=95a32502db49db37
Software Development Engineer I,MasterCard,"Vancouver, BC",https://ca.indeed.com/viewjob?jk=964c9ff6f2847765
Software Engineer in Test (New Grads),NETINT Technologies Inc.,"Burnaby, BC",https://ca.indeed.com/viewjob?jk=3073d36f1e9fb173
SAP iXp Intern - Concur Travel Software Engineer,SAP,"Vancouver, BC",https://ca.indeed.com/viewjob?jk=1f1e9f440a09c304
Software Engineer (New grads are encouraged to apply),Finastra,"Mississauga, ON",https://ca.indeed.com/viewjob?jk=43caccca459f4d07
"New Grad - Software Engineer, Campaigns",Wish,"Toronto, ON",https://ca.indeed.com/viewjob?jk=193e3150907f7392
New Grad - Full Stack Software Engineer,Wish,"Toronto, ON",https://ca.indeed.com/viewjob?jk=68bd226bfb7fa05e
Fullstack Developer (New Graduate),Energy Profiles Limited,"Toronto, ON",https://ca.indeed.com/viewjob?jk=2963b5b5f2e730ab
Software Engineer,Dropbox,Ontario,https://ca.indeed.com/viewjob?jk=d3fb2c9bf04e8e70
"New Grad - Software Engineer, Web and Mobile",Wish,"Toronto, ON",https://ca.indeed.com/viewjob?jk=e7c412c8d76d0932
Software Engineer - University Graduate,PayPal,"Toronto, ON",https://ca.indeed.com/viewjob?jk=889b92f896676851
New Grad: Photonics Systems Engineer,Ciena,"Ottawa, ON",https://ca.indeed.com/viewjob?jk=f06324091c6d6355
"Apple Media Products Engineering - Sr Software Engineer / Software Engineer (Commerce, Java, web services, SQL / NoSQL),",Apple,"Vancouver, BC",https://ca.indeed.com/viewjob?jk=c92b4409ecd3c898
Toronto - Graduate Program,FDM Group,"Toronto, ON",https://ca.indeed.com/viewjob?jk=3ce199a8441b8b27
New Grad: Photonics Software Engineer,Ciena,"Ottawa, ON",https://ca.indeed.com/viewjob?jk=c8a33a8b8ddd97a2
Software Engineer (Full Time) - Canada,Cisco Systems,"Ottawa, ON",https://ca.indeed.com/viewjob?jk=e8b2016901d36fe7
Emerging Technology Software Engineer (New Grad - UI) - YVR,Zscaler,"Burnaby, BC",https://ca.indeed.com/viewjob?jk=1791eabf9f81abe5
New Grad Jobs 2020 (Ottawa Office),Fortinet,"Ottawa, ON",https://ca.indeed.com/viewjob?jk=a1b6b2a491a02723
Associate Software Engineer,Veeva Systems,"Toronto, ON",https://ca.indeed.com/viewjob?jk=2a35bf6cc53511af
Montreal - Graduate Program,FDM Group,"Montréal, QC",https://ca.indeed.com/viewjob?jk=e79bff3ed48e92c5
Junior Software Developer,Gastops Ltd,"Ottawa, ON",https://ca.indeed.com/viewjob?jk=a9121ac8d62ce393
"SAP iXp Intern - Software Developer Cloud Platform Services, Applications & Products",SAP,"Vancouver, BC",https://ca.indeed.com/viewjob?jk=7c287e70f65b445a
Software Engineer,Cisco Systems,"Kanata, ON",https://ca.indeed.com/viewjob?jk=7216dd670c6101fb
New Grad: Product Verification Engineer,Ciena,"Ottawa, ON",https://ca.indeed.com/viewjob?jk=744ee031fb2f1fa7
Mechanical engineering graduate/mechanical EIT,Mott MacDonald,"Toronto, ON",https://ca.indeed.com/viewjob?jk=6035652679c1d90e
Software Engineer,Tenstorrent,"Toronto, ON",https://ca.indeed.com/viewjob?jk=9749963a6bf32b9c
Process Engineer,791684871RP0001,"Cambridge, ON",https://ca.indeed.com/viewjob?jk=ad0b1652959e6145
New Grad: Embedded Software Engineer,Ciena,"Ottawa, ON",https://ca.indeed.com/viewjob?jk=c2b5917a6a4a8fd4
Quality Assurance Specialist (Tester),SimplyCast,"Dartmouth, NS",https://ca.indeed.com/viewjob?jk=407c0e542d9425cc
Engineer-in-Training Mechanical – Pickering Office,RCM Technologies Canada Corp.,"Pickering, ON",https://ca.indeed.com/viewjob?jk=a28526662af37986
Graduate Electrical Engineer,"Ultra Maritime, Maritime Systems","Halifax, NS",https://ca.indeed.com/viewjob?jk=d83bce597695493d
"EIT, Civil",SNC-Lavalin,"Kingston, ON",https://ca.indeed.com/viewjob?jk=a000f902be99fd19
Software Engineer – Computer Vision / Machine Learning,Full Swing,"Toronto, ON",https://ca.indeed.com/viewjob?jk=7e216fc0cb67f117
Support Associate,SAP,"Montréal, QC",https://ca.indeed.com/viewjob?jk=6ceb701b02d5e32e
Software Engineer,Lumentum Operations LLC,"Ottawa, ON",https://ca.indeed.com/viewjob?jk=97daaa3c6fb82fc7
Embedded Software Engineer - New Grad,Ciena,"Ottawa, ON",https://ca.indeed.com/viewjob?jk=7965aa5d6f4c8096
Machine Learning Engineer,SkyHive,"Vancouver, BC",https://ca.indeed.com/viewjob?jk=e8c87eac5406bef3
Software Engineer - Front End,UrbanLogiq,"Vancouver, BC",https://ca.indeed.com/viewjob?jk=4aa129fb249b7f6f
Mechanical Engineer in Training,RCM Technologies Canada Corp.,"Kincardine, ON",https://ca.indeed.com/viewjob?jk=fba1472ae6c1d853
IT/DevOps Engineer,Horizon Studios Inc.,"Toronto, ON",https://ca.indeed.com/viewjob?jk=b01564e9ca9421d0
Quality Assurance Engineer,Trulioo,"Vancouver, BC",https://ca.indeed.com/viewjob?jk=3fddff973a0040f6
Software Development Engineer 2 - 80106,"Advanced Micro Devices, Inc.","Markham, ON",https://ca.indeed.com/viewjob?jk=6ff7bf9028a47e2f
Department of Computing and Software: Tenure-Track Faculty Positions,McMaster University,"Hamilton, ON",https://ca.indeed.com/viewjob?jk=c38bbc2fbe1b1b77
Graphics Driver Software Engineer,"Advanced Micro Devices, Inc.","Markham, ON",https://ca.indeed.com/viewjob?jk=3a339a9a4728b407
Toronto - Junior DevOps Engineer,FDM Group,"Toronto, ON",https://ca.indeed.com/viewjob?jk=927baad7de367ad6
Construction Engineer,GeoSolv Design Build Inc.,"Vaughan, ON",https://ca.indeed.com/viewjob?jk=059f6c926a9bfc0c
Project Manager,Note Taking Express,"Toronto, ON",https://ca.indeed.com/viewjob?jk=045683a3cf007bf4
Canada 2021- Graduate Technical Consultant,FDM Group,Canada,https://ca.indeed.com/viewjob?jk=887c509349802a4b
"Data Scientist Intern, Machine Learning (Fall 2020) - Toronto",Coursera,"Toronto, ON",https://ca.indeed.com/viewjob?jk=a1341b70da8c1a62
Software Development Engineer,"AMZN CAN Fulfillment Svcs, ULC","Vancouver, BC",https://ca.indeed.com/viewjob?jk=990e79d7a7259b62
Construction Engineer,GeoSolv Design Build Inc.,"Vaughan, ON",https://ca.indeed.com/viewjob?jk=059f6c926a9bfc0c
New Grad Software Engineer (Start date: April-Sept 2021),Clearbanc,"Toronto, ON",https://ca.indeed.com/viewjob?jk=95a32502db49db37
Software Development Engineer I,MasterCard,"Vancouver, BC",https://ca.indeed.com/viewjob?jk=964c9ff6f2847765
Software Engineer in Test (New Grads),NETINT Technologies Inc.,"Burnaby, BC",https://ca.indeed.com/viewjob?jk=3073d36f1e9fb173
SAP iXp Intern - Concur Travel Software Engineer,SAP,"Vancouver, BC",https://ca.indeed.com/viewjob?jk=1f1e9f440a09c304
Software Engineer (New grads are encouraged to apply),Finastra,"Mississauga, ON",https://ca.indeed.com/viewjob?jk=43caccca459f4d07
"New Grad - Software Engineer, Campaigns",Wish,"Toronto, ON",https://ca.indeed.com/viewjob?jk=193e3150907f7392
New Grad - Full Stack Software Engineer,Wish,"Toronto, ON",https://ca.indeed.com/viewjob?jk=68bd226bfb7fa05e
Fullstack Developer (New Graduate),Energy Profiles Limited,"Toronto, ON",https://ca.indeed.com/viewjob?jk=2963b5b5f2e730ab
Software Engineer,Dropbox,Ontario,https://ca.indeed.com/viewjob?jk=d3fb2c9bf04e8e70
"New Grad - Software Engineer, Web and Mobile",Wish,"Toronto, ON",https://ca.indeed.com/viewjob?jk=e7c412c8d76d0932
Software Engineer - University Graduate,PayPal,"Toronto, ON",https://ca.indeed.com/viewjob?jk=889b92f896676851
New Grad: Photonics Systems Engineer,Ciena,"Ottawa, ON",https://ca.indeed.com/viewjob?jk=f06324091c6d6355
"Apple Media Products Engineering - Sr Software Engineer / Software Engineer (Commerce, Java, web services, SQL / NoSQL),",Apple,"Vancouver, BC",https://ca.indeed.com/viewjob?jk=c92b4409ecd3c898
Toronto - Graduate Program,FDM Group,"Toronto, ON",https://ca.indeed.com/viewjob?jk=3ce199a8441b8b27
New Grad: Photonics Software Engineer,Ciena,"Ottawa, ON",https://ca.indeed.com/viewjob?jk=c8a33a8b8ddd97a2
Software Engineer (Full Time) - Canada,Cisco Systems,"Ottawa, ON",https://ca.indeed.com/viewjob?jk=e8b2016901d36fe7
Emerging Technology Software Engineer (New Grad - UI) - YVR,Zscaler,"Burnaby, BC",https://ca.indeed.com/viewjob?jk=1791eabf9f81abe5
New Grad Jobs 2020 (Ottawa Office),Fortinet,"Ottawa, ON",https://ca.indeed.com/viewjob?jk=a1b6b2a491a02723
Associate Software Engineer,Veeva Systems,"Toronto, ON",https://ca.indeed.com/viewjob?jk=2a35bf6cc53511af
Montreal - Graduate Program,FDM Group,"Montréal, QC",https://ca.indeed.com/viewjob?jk=e79bff3ed48e92c5
Junior Software Developer,Gastops Ltd,"Ottawa, ON",https://ca.indeed.com/viewjob?jk=a9121ac8d62ce393
"SAP iXp Intern - Software Developer Cloud Platform Services, Applications & Products",SAP,"Vancouver, BC",https://ca.indeed.com/viewjob?jk=7c287e70f65b445a
Software Engineer,Cisco Systems,"Kanata, ON",https://ca.indeed.com/viewjob?jk=7216dd670c6101fb
New Grad: Product Verification Engineer,Ciena,"Ottawa, ON",https://ca.indeed.com/viewjob?jk=744ee031fb2f1fa7
Mechanical engineering graduate/mechanical EIT,Mott MacDonald,"Toronto, ON",https://ca.indeed.com/viewjob?jk=6035652679c1d90e
Software Engineer,Tenstorrent,"Toronto, ON",https://ca.indeed.com/viewjob?jk=9749963a6bf32b9c
Process Engineer,791684871RP0001,"Cambridge, ON",https://ca.indeed.com/viewjob?jk=ad0b1652959e6145
New Grad: Embedded Software Engineer,Ciena,"Ottawa, ON",https://ca.indeed.com/viewjob?jk=c2b5917a6a4a8fd4
Quality Assurance Specialist (Tester),SimplyCast,"Dartmouth, NS",https://ca.indeed.com/viewjob?jk=407c0e542d9425cc
Engineer-in-Training Mechanical – Pickering Office,RCM Technologies Canada Corp.,"Pickering, ON",https://ca.indeed.com/viewjob?jk=a28526662af37986
Graduate Electrical Engineer,"Ultra Maritime, Maritime Systems","Halifax, NS",https://ca.indeed.com/viewjob?jk=d83bce597695493d
"EIT, Civil",SNC-Lavalin,"Kingston, ON",https://ca.indeed.com/viewjob?jk=a000f902be99fd19
Software Engineer – Computer Vision / Machine Learning,Full Swing,"Toronto, ON",https://ca.indeed.com/viewjob?jk=7e216fc0cb67f117
Support Associate,SAP,"Montréal, QC",https://ca.indeed.com/viewjob?jk=6ceb701b02d5e32e
Software Engineer,Lumentum Operations LLC,"Ottawa, ON",https://ca.indeed.com/viewjob?jk=97daaa3c6fb82fc7
Embedded Software Engineer - New Grad,Ciena,"Ottawa, ON",https://ca.indeed.com/viewjob?jk=7965aa5d6f4c8096
Machine Learning Engineer,SkyHive,"Vancouver, BC",https://ca.indeed.com/viewjob?jk=e8c87eac5406bef3
Software Engineer - Front End,UrbanLogiq,"Vancouver, BC",https://ca.indeed.com/viewjob?jk=4aa129fb249b7f6f
Mechanical Engineer in Training,RCM Technologies Canada Corp.,"Kincardine, ON",https://ca.indeed.com/viewjob?jk=fba1472ae6c1d853
IT/DevOps Engineer,Horizon Studios Inc.,"Toronto, ON",https://ca.indeed.com/viewjob?jk=b01564e9ca9421d0
Quality Assurance Engineer,Trulioo,"Vancouver, BC",https://ca.indeed.com/viewjob?jk=3fddff973a0040f6
Software Development Engineer 2 - 80106,"Advanced Micro Devices, Inc.","Markham, ON",https://ca.indeed.com/viewjob?jk=6ff7bf9028a47e2f
Department of Computing and Software: Tenure-Track Faculty Positions,McMaster University,"Hamilton, ON",https://ca.indeed.com/viewjob?jk=c38bbc2fbe1b1b77
Graphics Driver Software Engineer,"Advanced Micro Devices, Inc.","Markham, ON",https://ca.indeed.com/viewjob?jk=3a339a9a4728b407
Toronto - Junior DevOps Engineer,FDM Group,"Toronto, ON",https://ca.indeed.com/viewjob?jk=927baad7de367ad6
Project Manager,Note Taking Express,"Toronto, ON",https://ca.indeed.com/viewjob?jk=045683a3cf007bf4
Canada 2021- Graduate Technical Consultant,FDM Group,Canada,https://ca.indeed.com/viewjob?jk=887c509349802a4b
"Data Scientist Intern, Machine Learning (Fall 2020) - Toronto",Coursera,"Toronto, ON",https://ca.indeed.com/viewjob?jk=a1341b70da8c1a62
Software Development Engineer,"AMZN CAN Fulfillment Svcs, ULC","Vancouver, BC",https://ca.indeed.com/viewjob?jk=990e79d7a7259b62
